"ID_BANDERA","ID_LOCAL","FECHA","MONTO","CANTIDAD","FERIADO","DIA_1","DIA_2","DIA_3","DIA_4","DIA_5","DIA_6","DIA_7","MES_1","MES_2","MES_3","MES_4","MES_5","MES_6","MES_7","MES_8","MES_9","MES_10","MES_11","MES_12"
"B",2,2024-01-21,39054,34,0,1,0,0,0,0,0,0,1,0,0,0,0,0,0,0,0,0,0,0
"B",2,2024-01-19,32395,27,0,0,0,0,0,0,1,0,1,0,0,0,0,0,0,0,0,0,0,0
"B",2,2024-01-07,24435,22,0,1,0,0,0,0,0,0,1,0,0,0,0,0,0,0,0,0,0,0
"B",2,2024-01-11,10600,9,0,0,0,0,0,1,0,0,1,0,0,0,0,0,0,0,0,0,0,0
"B",2,2024-02-28,17490,11,0,0,0,0,1,0,0,0,0,1,0,0,0,0,0,0,0,0,0,0
"B",2,2024-02-27,14310,9,0,0,0,1,0,0,0,0,0,1,0,0,0,0,0,0,0,0,0,0
"B",2,2024-02-21,6170,5,0,0,0,0,1,0,0,0,0,1,0,0,0,0,0,0,0,0,0,0
"B",2,2024-02-29,4770,3,0,0,0,0,0,1,0,0,0,1,0,0,0,0,0,0,0,0,0,0
"B",2,2024-02-25,16325,14,0,1,0,0,0,0,0,0,0,1,0,0,0,0,0,0,0,0,0,0
"B",2,2024-02-10,32354.9996,28,0,0,0,0,0,0,0,1,0,1,0,0,0,0,0,0,0,0,0,0
"B",1,2024-02-21,1590,1,0,0,0,0,1,0,0,0,0,1,0,0,0,0,0,0,0,0,0,0
"B",1,2024-02-16,1590,1,0,0,0,0,0,0,1,0,0,1,0,0,0,0,0,0,0,0,0,0
"B",1,2024-02-18,1590,1,0,1,0,0,0,0,0,0,0,1,0,0,0,0,0,0,0,0,0,0
"B",2,2024-01-10,15775,13,0,0,0,0,1,0,0,0,1,0,0,0,0,0,0,0,0,0,0,0
"B",1,2024-01-21,20599.9986,18,0,1,0,0,0,0,0,0,1,0,0,0,0,0,0,0,0,0,0,0
"B",1,2024-01-30,19910,17,0,0,0,1,0,0,0,0,1,0,0,0,0,0,0,0,0,0,0,0
"B",2,2024-01-04,11195,9,0,0,0,0,0,1,0,0,1,0,0,0,0,0,0,0,0,0,0,0
"B",2,2024-02-03,61820,54,0,0,0,0,0,0,0,1,0,1,0,0,0,0,0,0,0,0,0,0
"B",2,2024-02-14,23045,20,0,0,0,0,1,0,0,0,0,1,0,0,0,0,0,0,0,0,0,0
"B",2,2024-01-15,2290,2,0,0,1,0,0,0,0,0,1,0,0,0,0,0,0,0,0,0,0,0
"B",2,2024-01-13,39775,35,0,0,0,0,0,0,0,1,1,0,0,0,0,0,0,0,0,0,0,0
"B",2,2024-01-17,29470,26,0,0,0,0,1,0,0,0,1,0,0,0,0,0,0,0,0,0,0,0
"B",1,2024-02-09,9017.9998,8,0,0,0,0,0,0,1,0,0,1,0,0,0,0,0,0,0,0,0,0
"B",1,2024-01-06,32849.9984,30,0,0,0,0,0,0,0,1,1,0,0,0,0,0,0,0,0,0,0,0
"B",1,2024-01-03,10304.9995,9,0,0,0,0,1,0,0,0,1,0,0,0,0,0,0,0,0,0,0,0
"B",2,2024-01-03,8015,7,0,0,0,0,1,0,0,0,1,0,0,0,0,0,0,0,0,0,0,0
"B",2,2024-01-20,41044,36,0,0,0,0,0,0,0,1,1,0,0,0,0,0,0,0,0,0,0,0
"B",2,2024-02-08,26035,23,0,0,0,0,0,1,0,0,0,1,0,0,0,0,0,0,0,0,0,0
"B",1,2024-01-24,16030,14,0,0,0,0,1,0,0,0,1,0,0,0,0,0,0,0,0,0,0,0
"B",1,2024-02-13,9159.9994,8,0,0,0,1,0,0,0,0,0,1,0,0,0,0,0,0,0,0,0,0
"B",1,2024-02-25,13739.9996,12,0,1,0,0,0,0,0,0,0,1,0,0,0,0,0,0,0,0,0,0
"B",1,2024-02-11,6870,6,0,1,0,0,0,0,0,0,0,1,0,0,0,0,0,0,0,0,0,0
"B",1,2024-01-09,12839.999,12,0,0,0,1,0,0,0,0,1,0,0,0,0,0,0,0,0,0,0,0
"B",2,2024-01-23,13039.9994,11,0,0,0,1,0,0,0,0,1,0,0,0,0,0,0,0,0,0,0,0
"B",2,2024-01-18,20610,18,0,0,0,0,0,1,0,0,1,0,0,0,0,0,0,0,0,0,0,0
"B",2,2024-01-25,28420,26,0,0,0,0,0,1,0,0,1,0,0,0,0,0,0,0,0,0,0,0
"B",1,2024-01-26,72964.9946,67,0,0,0,0,0,0,1,0,1,0,0,0,0,0,0,0,0,0,0,0
"B",1,2024-01-28,11550,10,0,1,0,0,0,0,0,0,1,0,0,0,0,0,0,0,0,0,0,0
"B",1,2024-02-24,21754.9988,19,0,0,0,0,0,0,0,1,0,1,0,0,0,0,0,0,0,0,0,0
"B",2,2024-02-07,22900,20,0,0,0,0,1,0,0,0,0,1,0,0,0,0,0,0,0,0,0,0
"B",2,2024-02-09,22744.9994,20,0,0,0,0,0,0,1,0,0,1,0,0,0,0,0,0,0,0,0,0
"B",2,2024-02-01,19315,17,0,0,0,0,0,1,0,0,0,1,0,0,0,0,0,0,0,0,0,0
"B",2,2024-02-17,27174.9997,24,0,0,0,0,0,0,0,1,0,1,0,0,0,0,0,0,0,0,0,0
"B",2,2024-02-04,17175,15,0,1,0,0,0,0,0,0,0,1,0,0,0,0,0,0,0,0,0,0
"B",2,2024-01-28,38720.0003,35,0,1,0,0,0,0,0,0,1,0,0,0,0,0,0,0,0,0,0,0
"B",2,2024-02-15,22900,20,0,0,0,0,0,1,0,0,0,1,0,0,0,0,0,0,0,0,0,0
"B",2,2024-02-06,9605,8,0,0,0,1,0,0,0,0,0,1,0,0,0,0,0,0,0,0,0,0
"B",2,2024-02-05,11450,10,0,0,1,0,0,0,0,0,0,1,0,0,0,0,0,0,0,0,0,0
"B",2,2024-02-11,32504,30,0,1,0,0,0,0,0,0,0,1,0,0,0,0,0,0,0,0,0,0
"B",1,2024-01-31,14885,13,0,0,0,0,1,0,0,0,1,0,0,0,0,0,0,0,0,0,0,0
"B",1,2024-02-07,10749.9994,9,0,0,0,0,1,0,0,0,0,1,0,0,0,0,0,0,0,0,0,0
"B",1,2024-02-03,40020,36,0,0,0,0,0,0,0,1,0,1,0,0,0,0,0,0,0,0,0,0
"B",1,2024-02-04,20010,18,0,1,0,0,0,0,0,0,0,1,0,0,0,0,0,0,0,0,0,0
"B",2,2024-02-24,15730,14,0,0,0,0,0,0,0,1,0,1,0,0,0,0,0,0,0,0,0,0
"B",1,2024-01-18,13939.9994,12,0,0,0,0,0,1,0,0,1,0,0,0,0,0,0,0,0,0,0,0
"B",2,2024-01-26,33994.9996,31,0,0,0,0,0,0,1,0,1,0,0,0,0,0,0,0,0,0,0,0
"B",2,2024-01-22,27725,25,0,0,1,0,0,0,0,0,1,0,0,0,0,0,0,0,0,0,0,0
"B",1,2024-01-08,11449.999,10,0,0,1,0,0,0,0,0,1,0,0,0,0,0,0,0,0,0,0,0
"B",1,2024-01-11,21699.9982,20,0,0,0,0,0,1,0,0,1,0,0,0,0,0,0,0,0,0,0,0
"B",1,2024-01-16,6869.9996,6,0,0,0,1,0,0,0,0,1,0,0,0,0,0,0,0,0,0,0,0
"B",1,2024-02-20,6870,6,0,0,0,1,0,0,0,0,0,1,0,0,0,0,0,0,0,0,0,0
"B",1,2024-02-29,6870,6,0,0,0,0,0,1,0,0,0,1,0,0,0,0,0,0,0,0,0,0
"B",1,2024-02-15,6869.9994,6,0,0,0,0,0,1,0,0,0,1,0,0,0,0,0,0,0,0,0,0
"B",2,2024-02-18,24985,23,0,1,0,0,0,0,0,0,0,1,0,0,0,0,0,0,0,0,0,0
"B",2,2024-02-02,37730,34,0,0,0,0,0,0,1,0,0,1,0,0,0,0,0,0,0,0,0,0
"B",1,2024-02-02,37730,34,0,0,0,0,0,0,1,0,0,1,0,0,0,0,0,0,0,0,0,0
"B",1,2024-02-05,11150,10,0,0,1,0,0,0,0,0,0,1,0,0,0,0,0,0,0,0,0,0
"B",2,2024-02-16,23448.9994,20,0,0,0,0,0,0,1,0,0,1,0,0,0,0,0,0,0,0,0,0
"B",2,2024-01-31,17515,17,0,0,0,0,1,0,0,0,1,0,0,0,0,0,0,0,0,0,0,0
"B",2,2024-02-12,16275,15,0,0,1,0,0,0,0,0,0,1,0,0,0,0,0,0,0,0,0,0
"B",2,2024-01-06,27324.9994,24,0,0,0,0,0,0,0,1,1,0,0,0,0,0,0,0,0,0,0,0
"B",2,2024-01-24,27480,24,0,0,0,0,1,0,0,0,1,0,0,0,0,0,0,0,0,0,0,0
"B",2,2024-01-30,13290,12,0,0,0,1,0,0,0,0,1,0,0,0,0,0,0,0,0,0,0,0
"B",2,2024-02-26,7124,6,0,0,1,0,0,0,0,0,0,1,0,0,0,0,0,0,0,0,0,0
"B",2,2024-01-05,24740,22,0,0,0,0,0,0,1,0,1,0,0,0,0,0,0,0,0,0,0,0
"B",2,2024-01-27,39775,35,0,0,0,0,0,0,0,1,1,0,0,0,0,0,0,0,0,0,0,0
"B",2,2024-01-12,48429.999,44,0,0,0,0,0,0,1,0,1,0,0,0,0,0,0,0,0,0,0,0
"B",2,2024-01-14,17419.9997,16,0,1,0,0,0,0,0,0,1,0,0,0,0,0,0,0,0,0,0,0
"B",2,2024-02-19,5425,5,0,0,1,0,0,0,0,0,0,1,0,0,0,0,0,0,0,0,0,0
"B",2,2024-01-08,10305,9,0,0,1,0,0,0,0,0,1,0,0,0,0,0,0,0,0,0,0,0
"B",2,2024-01-09,14585,13,0,0,0,1,0,0,0,0,1,0,0,0,0,0,0,0,0,0,0,0
"B",2,2024-01-02,9160,8,0,0,0,1,0,0,0,0,1,0,0,0,0,0,0,0,0,0,0,0
"B",2,2024-02-22,8015,7,0,0,0,0,0,1,0,0,0,1,0,0,0,0,0,0,0,0,0,0
"B",2,2024-01-16,8015,7,0,0,0,1,0,0,0,0,1,0,0,0,0,0,0,0,0,0,0,0
"B",2,2024-02-20,2290,2,0,0,0,1,0,0,0,0,0,1,0,0,0,0,0,0,0,0,0,0
"B",2,2024-01-29,22200,19,0,0,1,0,0,0,0,0,1,0,0,0,0,0,0,0,0,0,0,0
"B",2,2024-02-23,4580,4,0,0,0,0,0,0,1,0,0,1,0,0,0,0,0,0,0,0,0,0
"B",1,2024-01-05,45889.9966,41,0,0,0,0,0,0,1,0,1,0,0,0,0,0,0,0,0,0,0,0
"B",1,2024-01-17,20009.9982,18,0,0,0,0,1,0,0,0,1,0,0,0,0,0,0,0,0,0,0,0
"B",1,2024-02-08,10249.9992,10,0,0,0,0,0,1,0,0,0,1,0,0,0,0,0,0,0,0,0,0
"B",1,2024-01-10,23445,21,0,0,0,0,1,0,0,0,1,0,0,0,0,0,0,0,0,0,0,0
"B",1,2024-01-12,38029.997,34,0,0,0,0,0,0,1,0,1,0,0,0,0,0,0,0,0,0,0,0
"B",1,2024-01-07,17119.9988,16,0,1,0,0,0,0,0,0,1,0,0,0,0,0,0,0,0,0,0,0
"B",1,2024-01-25,6570,6,0,0,0,0,0,1,0,0,1,0,0,0,0,0,0,0,0,0,0,0
"B",1,2024-01-14,12294.9994,11,0,1,0,0,0,0,0,0,1,0,0,0,0,0,0,0,0,0,0,0
"B",1,2024-01-20,43209.9974,38,0,0,0,0,0,0,0,1,1,0,0,0,0,0,0,0,0,0,0,0
"B",1,2024-01-23,21499.9986,18,0,0,0,1,0,0,0,0,1,0,0,0,0,0,0,0,0,0,0,0
"B",1,2024-01-15,12840,12,0,0,1,0,0,0,0,0,1,0,0,0,0,0,0,0,0,0,0,0
"B",1,2024-01-13,18809.9984,18,0,0,0,0,0,0,0,1,1,0,0,0,0,0,0,0,0,0,0,0
"B",1,2024-01-04,16819.9986,16,0,0,0,0,0,1,0,0,1,0,0,0,0,0,0,0,0,0,0,0
"B",1,2024-01-02,12145,11,0,0,0,1,0,0,0,0,1,0,0,0,0,0,0,0,0,0,0,0
"B",1,2024-01-27,15730,14,0,0,0,0,0,0,0,1,1,0,0,0,0,0,0,0,0,0,0,0
"B",1,2024-02-01,25734.9984,23,0,0,0,0,0,1,0,0,0,1,0,0,0,0,0,0,0,0,0,0
"B",1,2024-02-19,8237.9988,13,0,0,1,0,0,0,0,0,0,1,0,0,0,0,0,0,0,0,0,0
"B",1,2024-01-19,52669.9956,46,0,0,0,0,0,0,1,0,1,0,0,0,0,0,0,0,0,0,0,0
"B",1,2024-02-22,2289.9998,2,0,0,0,0,0,1,0,0,0,1,0,0,0,0,0,0,0,0,0,0
"B",1,2024-01-29,3535,3,0,0,1,0,0,0,0,0,1,0,0,0,0,0,0,0,0,0,0,0
"B",1,2024-02-06,4579.9996,4,0,0,0,1,0,0,0,0,0,1,0,0,0,0,0,0,0,0,0,0
"B",2,2024-03-26,6902,5,0,0,0,1,0,0,0,0,0,0,1,0,0,0,0,0,0,0,0,0
"B",2,2024-03-01,36570,23,0,0,0,0,0,0,1,0,0,0,1,0,0,0,0,0,0,0,0,0
"B",2,2024-03-04,15821,10,0,0,1,0,0,0,0,0,0,0,1,0,0,0,0,0,0,0,0,0
"B",2,2024-03-23,20670,13,0,0,0,0,0,0,0,1,0,0,1,0,0,0,0,0,0,0,0,0
"B",2,2024-03-02,23468,15,0,0,0,0,0,0,0,1,0,0,1,0,0,0,0,0,0,0,0,0
"B",2,2024-03-20,4770,3,0,0,0,0,1,0,0,0,0,0,1,0,0,0,0,0,0,0,0,0
"B",2,2024-03-22,19080,12,0,0,0,0,0,0,1,0,0,0,1,0,0,0,0,0,0,0,0,0
"B",2,2024-03-24,1590,1,0,1,0,0,0,0,0,0,0,0,1,0,0,0,0,0,0,0,0,0
"B",2,2024-03-08,28620,18,0,0,0,0,0,0,1,0,0,0,1,0,0,0,0,0,0,0,0,0
"B",2,2024-03-13,4770,3,0,0,0,0,1,0,0,0,0,0,1,0,0,0,0,0,0,0,0,0
"B",2,2024-03-05,11130,7,0,0,0,1,0,0,0,0,0,0,1,0,0,0,0,0,0,0,0,0
"B",2,2024-03-30,15950,11,1,0,0,0,0,0,0,1,0,0,1,0,0,0,0,0,0,0,0,0
"B",2,2024-03-21,7950,5,0,0,0,0,0,1,0,0,0,0,1,0,0,0,0,0,0,0,0,0
"B",2,2024-03-07,20670,13,0,0,0,0,0,1,0,0,0,0,1,0,0,0,0,0,0,0,0,0
"B",2,2024-03-06,4770,3,0,0,0,0,1,0,0,0,0,0,1,0,0,0,0,0,0,0,0,0
"B",2,2024-03-09,22260,14,0,0,0,0,0,0,0,1,0,0,1,0,0,0,0,0,0,0,0,0
"B",2,2024-03-12,7950,5,0,0,0,1,0,0,0,0,0,0,1,0,0,0,0,0,0,0,0,0
"B",2,2024-03-16,29960,25,0,0,0,0,0,0,0,1,0,0,1,0,0,0,0,0,0,0,0,0
"B",2,2024-03-29,4350,3,1,0,0,0,0,0,1,0,0,0,1,0,0,0,0,0,0,0,0,0
"B",2,2024-04-24,11600,8,0,0,0,0,1,0,0,0,0,0,0,1,0,0,0,0,0,0,0,0
"B",2,2024-04-17,10729.9991,11,0,0,0,0,1,0,0,0,0,0,0,1,0,0,0,0,0,0,0,0
"B",2,2024-04-06,63452,44,0,0,0,0,0,0,0,1,0,0,0,1,0,0,0,0,0,0,0,0
"B",2,2024-05-11,42670,37,0,0,0,0,0,0,0,1,0,0,0,0,1,0,0,0,0,0,0,0
"B",2,2024-04-27,29000,20,0,0,0,0,0,0,0,1,0,0,0,1,0,0,0,0,0,0,0,0
"B",2,2024-04-21,10439.9998,8,0,1,0,0,0,0,0,0,0,0,0,1,0,0,0,0,0,0,0,0
"B",2,2024-04-23,2900,2,0,0,0,1,0,0,0,0,0,0,0,1,0,0,0,0,0,0,0,0
"B",2,2024-04-13,23200,16,0,0,0,0,0,0,0,1,0,0,0,1,0,0,0,0,0,0,0,0
"B",2,2024-04-01,1450,1,0,0,1,0,0,0,0,0,0,0,0,1,0,0,0,0,0,0,0,0
"B",2,2024-04-19,23200,16,0,0,0,0,0,0,1,0,0,0,0,1,0,0,0,0,0,0,0,0
"B",2,2024-05-05,3590,3,0,1,0,0,0,0,0,0,0,0,0,0,1,0,0,0,0,0,0,0
"B",2,2024-05-04,28329.9997,25,0,0,0,0,0,0,0,1,0,0,0,0,1,0,0,0,0,0,0,0
"B",2,2024-05-03,38094.9994,33,0,0,0,0,0,0,1,0,0,0,0,0,1,0,0,0,0,0,0,0
"B",2,2024-05-02,8625,7,0,0,0,0,0,1,0,0,0,0,0,0,1,0,0,0,0,0,0,0
"B",2,2024-05-21,15189.9996,13,1,0,0,1,0,0,0,0,0,0,0,0,1,0,0,0,0,0,0,0
"B",2,2024-05-23,14740,13,0,0,0,0,0,1,0,0,0,0,0,0,1,0,0,0,0,0,0,0
"B",2,2024-05-24,28575,26,0,0,0,0,0,0,1,0,0,0,0,0,1,0,0,0,0,0,0,0
"B",2,2024-05-22,1450,1,0,0,0,0,1,0,0,0,0,0,0,0,1,0,0,0,0,0,0,0
"B",2,2024-05-25,11755,10,0,0,0,0,0,0,0,1,0,0,0,0,1,0,0,0,0,0,0,0
"B",2,2024-05-30,7175,6,1,0,0,0,0,1,0,0,0,0,0,0,1,0,0,0,0,0,0,0
"B",2,2024-05-19,14045,12,0,1,0,0,0,0,0,0,0,0,0,0,1,0,0,0,0,0,0,0
"B",2,2024-05-10,14049.9998,12,0,0,0,0,0,0,1,0,0,0,0,0,1,0,0,0,0,0,0,0
"B",2,2024-05-09,5190,4,0,0,0,0,0,1,0,0,0,0,0,0,1,0,0,0,0,0,0,0
"B",2,2024-05-07,1450,1,0,0,0,1,0,0,0,0,0,0,0,0,1,0,0,0,0,0,0,0
"B",2,2024-05-31,27730,25,0,0,0,0,0,0,1,0,0,0,0,0,1,0,0,0,0,0,0,0
"B",2,2024-05-29,13205,11,0,0,0,0,1,0,0,0,0,0,0,0,1,0,0,0,0,0,0,0
"B",2,2024-05-26,7480,6,0,1,0,0,0,0,0,0,0,0,0,0,1,0,0,0,0,0,0,0
"B",2,2024-04-26,16704,12,0,0,0,0,0,0,1,0,0,0,0,1,0,0,0,0,0,0,0,0
"B",2,2024-04-20,30449.9995,23,0,0,0,0,0,0,0,1,0,0,0,1,0,0,0,0,0,0,0,0
"B",2,2024-04-16,11600,8,0,0,0,1,0,0,0,0,0,0,0,1,0,0,0,0,0,0,0,0
"B",2,2024-04-18,4350,3,0,0,0,0,0,1,0,0,0,0,0,1,0,0,0,0,0,0,0,0
"B",2,2024-04-12,16529.9996,13,0,0,0,0,0,0,1,0,0,0,0,1,0,0,0,0,0,0,0,0
"B",2,2024-04-25,10150,7,0,0,0,0,0,1,0,0,0,0,0,1,0,0,0,0,0,0,0,0
"B",2,2024-04-07,37409.9997,27,0,1,0,0,0,0,0,0,0,0,0,1,0,0,0,0,0,0,0,0
"B",2,2024-04-05,11600,8,0,0,0,0,0,0,1,0,0,0,0,1,0,0,0,0,0,0,0,0
"B",1,2024-03-03,12040,9,0,1,0,0,0,0,0,0,0,0,1,0,0,0,0,0,0,0,0,0
"B",2,2024-05-16,15494.9997,13,0,0,0,0,0,1,0,0,0,0,0,0,1,0,0,0,0,0,0,0
"B",2,2024-05-12,9165,8,0,1,0,0,0,0,0,0,0,0,0,0,1,0,0,0,0,0,0,0
"B",1,2024-03-22,9549.9994,7,0,0,0,0,0,0,1,0,0,0,1,0,0,0,0,0,0,0,0,0
"B",2,2024-05-17,11755,10,0,0,0,0,0,0,1,0,0,0,0,0,1,0,0,0,0,0,0,0
"B",2,2024-05-28,12900,11,0,0,0,1,0,0,0,0,0,0,0,0,1,0,0,0,0,0,0,0
"B",2,2024-04-29,1450,1,0,0,1,0,0,0,0,0,0,0,0,1,0,0,0,0,0,0,0,0
"B",2,2024-04-03,3189.9998,3,0,0,0,0,1,0,0,0,0,0,0,1,0,0,0,0,0,0,0,0
"B",2,2024-03-28,7250,5,0,0,0,0,0,1,0,0,0,0,1,0,0,0,0,0,0,0,0,0
"B",2,2024-04-10,5800,4,0,0,0,0,1,0,0,0,0,0,0,1,0,0,0,0,0,0,0,0
"B",1,2024-04-28,26969.9981,27,0,1,0,0,0,0,0,0,0,0,0,1,0,0,0,0,0,0,0,0
"B",1,2024-04-13,2900,2,0,0,0,0,0,0,0,1,0,0,0,1,0,0,0,0,0,0,0,0
"B",2,2024-03-03,15900,10,0,1,0,0,0,0,0,0,0,0,1,0,0,0,0,0,0,0,0,0
"B",1,2024-03-30,2900,2,1,0,0,0,0,0,0,1,0,0,1,0,0,0,0,0,0,0,0,0
"B",1,2024-04-05,2900,2,0,0,0,0,0,0,1,0,0,0,0,1,0,0,0,0,0,0,0,0
"B",1,2024-04-02,4350,3,0,0,0,1,0,0,0,0,0,0,0,1,0,0,0,0,0,0,0,0
"B",1,2024-04-12,5800,4,0,0,0,0,0,0,1,0,0,0,0,1,0,0,0,0,0,0,0,0
"B",1,2024-04-06,5800,4,0,0,0,0,0,0,0,1,0,0,0,1,0,0,0,0,0,0,0,0
"B",1,2024-03-29,8700,6,1,0,0,0,0,0,1,0,0,0,1,0,0,0,0,0,0,0,0,0
"B",2,2024-03-19,3180,2,0,0,0,1,0,0,0,0,0,0,1,0,0,0,0,0,0,0,0,0
"B",2,2024-04-11,2900,2,0,0,0,0,0,1,0,0,0,0,0,1,0,0,0,0,0,0,0,0
"B",2,2024-04-08,12904.9998,9,0,0,1,0,0,0,0,0,0,0,0,1,0,0,0,0,0,0,0,0
"B",2,2024-04-09,2900,2,0,0,0,1,0,0,0,0,0,0,0,1,0,0,0,0,0,0,0,0
"B",2,2024-03-25,6360,4,0,0,1,0,0,0,0,0,0,0,1,0,0,0,0,0,0,0,0,0
"B",2,2024-04-28,5800,4,0,1,0,0,0,0,0,0,0,0,0,1,0,0,0,0,0,0,0,0
"B",2,2024-04-14,9569.9999,7,0,1,0,0,0,0,0,0,0,0,0,1,0,0,0,0,0,0,0,0
"B",2,2024-04-04,14500,10,0,0,0,0,0,1,0,0,0,0,0,1,0,0,0,0,0,0,0,0
"B",2,2024-03-27,2900,2,0,0,0,0,1,0,0,0,0,0,1,0,0,0,0,0,0,0,0,0
"B",2,2024-04-02,11019.9994,10,0,0,0,1,0,0,0,0,0,0,0,1,0,0,0,0,0,0,0,0
"B",2,2024-03-10,23850,15,0,1,0,0,0,0,0,0,0,0,1,0,0,0,0,0,0,0,0,0
"B",2,2024-05-08,6874.9997,6,0,0,0,0,1,0,0,0,0,0,0,0,1,0,0,0,0,0,0,0
"B",1,2024-04-30,29849.9978,30,0,0,0,1,0,0,0,0,0,0,0,1,0,0,0,0,0,0,0,0
"B",1,2024-05-18,25499.9979,22,0,0,0,0,0,0,0,1,0,0,0,0,1,0,0,0,0,0,0,0
"B",1,2024-03-09,11450,10,0,0,0,0,0,0,0,1,0,0,1,0,0,0,0,0,0,0,0,0
"B",1,2024-03-02,2290,2,0,0,0,0,0,0,0,1,0,0,1,0,0,0,0,0,0,0,0,0
"B",1,2024-03-01,2290,2,0,0,0,0,0,0,1,0,0,0,1,0,0,0,0,0,0,0,0,0
"B",1,2024-03-11,2290,2,0,0,1,0,0,0,0,0,0,0,1,0,0,0,0,0,0,0,0,0
"B",1,2024-03-21,2290,2,0,0,0,0,0,1,0,0,0,0,1,0,0,0,0,0,0,0,0,0
"B",1,2024-03-25,2290,2,0,0,1,0,0,0,0,0,0,0,1,0,0,0,0,0,0,0,0,0
"B",1,2024-03-17,3435,3,0,1,0,0,0,0,0,0,0,0,1,0,0,0,0,0,0,0,0,0
"B",1,2024-05-13,5424.9998,5,0,0,1,0,0,0,0,0,0,0,0,0,1,0,0,0,0,0,0,0
"B",2,2024-03-18,4580,4,0,0,1,0,0,0,0,0,0,0,1,0,0,0,0,0,0,0,0,0
"B",1,2024-03-16,14885,13,0,0,0,0,0,0,0,1,0,0,1,0,0,0,0,0,0,0,0,0
"B",1,2024-03-08,15709.9989,11,0,0,0,0,0,0,1,0,0,0,1,0,0,0,0,0,0,0,0,0
"B",1,2024-03-23,8459.9994,7,0,0,0,0,0,0,0,1,0,0,1,0,0,0,0,0,0,0,0,0
"B",1,2024-05-25,18643.9982,16,0,0,0,0,0,0,0,1,0,0,0,0,1,0,0,0,0,0,0,0
"B",2,2024-04-30,12295,11,0,0,0,1,0,0,0,0,0,0,0,1,0,0,0,0,0,0,0,0
"B",1,2024-03-10,19610,17,0,1,0,0,0,0,0,0,0,0,1,0,0,0,0,0,0,0,0,0
"B",1,2024-03-13,6870,6,0,0,0,0,1,0,0,0,0,0,1,0,0,0,0,0,0,0,0,0
"B",1,2024-05-10,26339.998,23,0,0,0,0,0,0,1,0,0,0,0,0,1,0,0,0,0,0,0,0
"B",2,2024-03-17,13985,13,0,1,0,0,0,0,0,0,0,0,1,0,0,0,0,0,0,0,0,0
"B",2,2024-03-15,7865,7,0,0,0,0,0,0,1,0,0,0,1,0,0,0,0,0,0,0,0,0
"B",2,2024-05-15,5425,5,0,0,0,0,1,0,0,0,0,0,0,0,1,0,0,0,0,0,0,0
"B",2,2024-05-18,25885,23,0,0,0,0,0,0,0,1,0,0,0,0,1,0,0,0,0,0,0,0
"B",2,2024-03-11,3021,2,0,0,1,0,0,0,0,0,0,0,1,0,0,0,0,0,0,0,0,0
"B",2,2024-03-14,4580,4,0,0,0,0,0,1,0,0,0,0,1,0,0,0,0,0,0,0,0,0
"B",2,2024-05-27,1145,1,0,0,1,0,0,0,0,0,0,0,0,0,1,0,0,0,0,0,0,0
"B",2,2024-05-13,3435,3,0,0,1,0,0,0,0,0,0,0,0,0,1,0,0,0,0,0,0,0
"B",2,2024-05-20,22900,20,0,0,1,0,0,0,0,0,0,0,0,0,1,0,0,0,0,0,0,0
"B",2,2024-05-14,11450,10,0,0,0,1,0,0,0,0,0,0,0,0,1,0,0,0,0,0,0,0
"B",2,2024-04-22,5509.9996,4,0,0,1,0,0,0,0,0,0,0,0,1,0,0,0,0,0,0,0,0
"B",1,2024-05-30,6869.9994,6,1,0,0,0,0,1,0,0,0,0,0,0,1,0,0,0,0,0,0,0
"B",1,2024-05-03,38329.9961,34,0,0,0,0,0,0,1,0,0,0,0,0,1,0,0,0,0,0,0,0
"B",1,2024-05-11,6027.9997,5,0,0,0,0,0,0,0,1,0,0,0,0,1,0,0,0,0,0,0,0
"B",1,2024-05-24,18027.9983,16,0,0,0,0,0,0,1,0,0,0,0,0,1,0,0,0,0,0,0,0
"B",1,2024-04-26,28419.9976,30,0,0,0,0,0,0,1,0,0,0,0,1,0,0,0,0,0,0,0,0
"B",1,2024-04-29,20009.9981,23,0,0,1,0,0,0,0,0,0,0,0,1,0,0,0,0,0,0,0,0
"B",1,2024-04-24,24359.9974,28,0,0,0,0,1,0,0,0,0,0,0,1,0,0,0,0,0,0,0,0
"B",1,2024-04-10,5273.9994,6,0,0,0,0,1,0,0,0,0,0,0,1,0,0,0,0,0,0,0,0
"B",1,2024-05-31,13139.9987,12,0,0,0,0,0,0,1,0,0,0,0,0,1,0,0,0,0,0,0,0
"B",1,2024-04-27,60899.993,70,0,0,0,0,0,0,0,1,0,0,0,1,0,0,0,0,0,0,0,0
"B",1,2024-05-28,4579.9994,4,0,0,0,1,0,0,0,0,0,0,0,0,1,0,0,0,0,0,0,0
"B",1,2024-05-02,13989.9988,13,0,0,0,0,0,1,0,0,0,0,0,0,1,0,0,0,0,0,0,0
"B",1,2024-04-19,5153.9994,6,0,0,0,0,0,0,1,0,0,0,0,1,0,0,0,0,0,0,0,0
"B",1,2024-05-12,10549.999,10,0,1,0,0,0,0,0,0,0,0,0,0,1,0,0,0,0,0,0,0
"B",1,2024-05-04,14829.9986,14,0,0,0,0,0,0,0,1,0,0,0,0,1,0,0,0,0,0,0,0
"B",1,2024-05-23,7959.9992,8,0,0,0,0,0,1,0,0,0,0,0,0,1,0,0,0,0,0,0,0
"B",1,2024-05-17,19709.9981,18,0,0,0,0,0,0,1,0,0,0,0,0,1,0,0,0,0,0,0,0
"B",1,2024-05-14,9159.9992,8,0,0,0,1,0,0,0,0,0,0,0,0,1,0,0,0,0,0,0,0
"B",1,2024-05-21,2289.9997,2,1,0,0,1,0,0,0,0,0,0,0,0,1,0,0,0,0,0,0,0
"B",1,2024-05-26,4279.9995,4,0,1,0,0,0,0,0,0,0,0,0,0,1,0,0,0,0,0,0,0
"B",1,2024-04-25,5220,6,0,0,0,0,0,1,0,0,0,0,0,1,0,0,0,0,0,0,0,0
"B",1,2024-05-05,8859.9989,8,0,1,0,0,0,0,0,0,0,0,0,0,1,0,0,0,0,0,0,0
"B",1,2024-05-06,2289.9997,2,0,0,1,0,0,0,0,0,0,0,0,0,1,0,0,0,0,0,0,0
"B",1,2024-05-15,2289.9997,2,0,0,0,0,1,0,0,0,0,0,0,0,1,0,0,0,0,0,0,0
"B",1,2024-05-22,2289.9997,2,0,0,0,0,1,0,0,0,0,0,0,0,1,0,0,0,0,0,0,0
"B",1,2024-04-23,8700,6,0,0,0,1,0,0,0,0,0,0,0,1,0,0,0,0,0,0,0,0
"B",1,2024-04-08,4350,3,0,0,1,0,0,0,0,0,0,0,0,1,0,0,0,0,0,0,0,0
"B",1,2024-04-21,17399.9988,12,0,1,0,0,0,0,0,0,0,0,0,1,0,0,0,0,0,0,0,0
"B",1,2024-03-28,31900,22,0,0,0,0,0,1,0,0,0,0,1,0,0,0,0,0,0,0,0,0
"B",2,2024-03-31,8700,6,0,1,0,0,0,0,0,0,0,0,1,0,0,0,0,0,0,0,0,0
"B",2,2024-06-22,18780,16,0,0,0,0,0,0,0,1,0,0,0,0,0,1,0,0,0,0,0,0
"B",2,2024-08-20,17224,15,0,0,0,1,0,0,0,0,0,0,0,0,0,0,0,1,0,0,0,0
"B",2,2024-08-24,57024.9996,49,0,0,0,0,0,0,0,1,0,0,0,0,0,0,0,1,0,0,0,0
"B",2,2024-08-30,12690,10,0,0,0,0,0,0,1,0,0,0,0,0,0,0,0,1,0,0,0,0
"B",2,2024-08-15,48962,45,1,0,0,0,0,1,0,0,0,0,0,0,0,0,0,1,0,0,0,0
"B",2,2024-07-24,18982.999,18,0,0,0,0,1,0,0,0,0,0,0,0,0,0,1,0,0,0,0,0
"B",2,2024-07-20,34929.9988,31,0,0,0,0,0,0,0,1,0,0,0,0,0,0,1,0,0,0,0,0
"B",2,2024-08-16,55212.9988,49,0,0,0,0,0,0,1,0,0,0,0,0,0,0,0,1,0,0,0,0
"B",2,2024-07-04,9788,8,0,0,0,0,0,1,0,0,0,0,0,0,0,0,1,0,0,0,0,0
"B",2,2024-07-14,32537.9995,30,0,1,0,0,0,0,0,0,0,0,0,0,0,0,1,0,0,0,0,0
"B",2,2024-07-03,12237,10,0,0,0,0,1,0,0,0,0,0,0,0,0,0,1,0,0,0,0,0
"B",2,2024-06-18,6035,5,0,0,0,1,0,0,0,0,0,0,0,0,0,1,0,0,0,0,0,0
"B",2,2024-06-15,46714.9994,40,0,0,0,0,0,0,0,1,0,0,0,0,0,1,0,0,0,0,0,0
"B",2,2024-06-07,35809.9997,31,0,0,0,0,0,0,1,0,0,0,0,0,0,1,0,0,0,0,0,0
"B",2,2024-07-01,12331.9995,11,0,0,1,0,0,0,0,0,0,0,0,0,0,0,1,0,0,0,0,0
"B",2,2024-06-30,13326.9994,12,0,1,0,0,0,0,0,0,0,0,0,0,0,1,0,0,0,0,0,0
"B",2,2024-06-19,23510,20,0,0,0,0,1,0,0,0,0,0,0,0,0,1,0,0,0,0,0,0
"B",1,2024-07-01,19873.998,21,0,0,1,0,0,0,0,0,0,0,0,0,0,0,1,0,0,0,0,0
"B",1,2024-08-02,21409.998,21,0,0,0,0,0,0,1,0,0,0,0,0,0,0,0,1,0,0,0,0
"B",1,2024-07-30,25161.9975,27,0,0,0,1,0,0,0,0,0,0,0,0,0,0,1,0,0,0,0,0
"B",2,2024-06-20,7175,6,1,0,0,0,0,1,0,0,0,0,0,0,0,1,0,0,0,0,0,0
"B",2,2024-06-25,17672,16,0,0,0,1,0,0,0,0,0,0,0,0,0,1,0,0,0,0,0,0
"B",2,2024-07-02,21707.999,21,0,0,0,1,0,0,0,0,0,0,0,0,0,0,1,0,0,0,0,0
"B",2,2024-07-05,22999.9994,22,0,0,0,0,0,0,1,0,0,0,0,0,0,0,1,0,0,0,0,0
"B",2,2024-07-07,37403.9985,38,0,1,0,0,0,0,0,0,0,0,0,0,0,0,1,0,0,0,0,0
"B",2,2024-07-08,19144.9991,17,0,0,1,0,0,0,0,0,0,0,0,0,0,0,1,0,0,0,0,0
"B",2,2024-07-11,31911.9994,27,0,0,0,0,0,1,0,0,0,0,0,0,0,0,1,0,0,0,0,0
"B",2,2024-07-13,53785.9979,51,0,0,0,0,0,0,0,1,0,0,0,0,0,0,1,0,0,0,0,0
"B",2,2024-07-26,16133.9996,13,0,0,0,0,0,0,1,0,0,0,0,0,0,0,1,0,0,0,0,0
"B",2,2024-07-06,65647.9977,61,0,0,0,0,0,0,0,1,0,0,0,0,0,0,1,0,0,0,0,0
"B",2,2024-07-10,12126.9994,11,0,0,0,0,1,0,0,0,0,0,0,0,0,0,1,0,0,0,0,0
"B",2,2024-07-12,30476.9985,27,0,0,0,0,0,0,1,0,0,0,0,0,0,0,1,0,0,0,0,0
"B",2,2024-08-19,11238,9,0,0,1,0,0,0,0,0,0,0,0,0,0,0,0,1,0,0,0,0
"B",2,2024-08-31,12692,10,0,0,0,0,0,0,0,1,0,0,0,0,0,0,0,1,0,0,0,0
"B",2,2024-08-03,58670.9994,57,0,0,0,0,0,0,0,1,0,0,0,0,0,0,0,1,0,0,0,0
"B",2,2024-08-05,6198.9998,5,0,0,1,0,0,0,0,0,0,0,0,0,0,0,0,1,0,0,0,0
"B",2,2024-08-11,44423.999,40,0,1,0,0,0,0,0,0,0,0,0,0,0,0,0,1,0,0,0,0
"B",2,2024-08-10,54316.9997,54,0,0,0,0,0,0,0,1,0,0,0,0,0,0,0,1,0,0,0,0
"B",2,2024-08-14,40350.9994,40,0,0,0,0,1,0,0,0,0,0,0,0,0,0,0,1,0,0,0,0
"B",2,2024-07-16,19905.9994,18,1,0,0,1,0,0,0,0,0,0,0,0,0,0,1,0,0,0,0,0
"B",2,2024-07-19,30429.9989,26,0,0,0,0,0,0,1,0,0,0,0,0,0,0,1,0,0,0,0,0
"B",2,2024-07-21,17579,15,0,1,0,0,0,0,0,0,0,0,0,0,0,0,1,0,0,0,0,0
"B",2,2024-07-27,56837.9981,55,0,0,0,0,0,0,0,1,0,0,0,0,0,0,1,0,0,0,0,0
"B",2,2024-08-18,11421.9994,11,0,1,0,0,0,0,0,0,0,0,0,0,0,0,0,1,0,0,0,0
"B",2,2024-08-27,1450,1,0,0,0,1,0,0,0,0,0,0,0,0,0,0,0,1,0,0,0,0
"B",2,2024-08-17,71894.9994,68,0,0,0,0,0,0,0,1,0,0,0,0,0,0,0,1,0,0,0,0
"B",2,2024-06-12,9770,8,0,0,0,0,1,0,0,0,0,0,0,0,0,1,0,0,0,0,0,0
"B",2,2024-06-05,3740,3,0,0,0,0,1,0,0,0,0,0,0,0,0,1,0,0,0,0,0,0
"B",2,2024-06-14,25499.9998,22,0,0,0,0,0,0,1,0,0,0,0,0,0,1,0,0,0,0,0,0
"B",2,2024-06-02,23204.9996,20,0,1,0,0,0,0,0,0,0,0,0,0,0,1,0,0,0,0,0,0
"B",2,2024-06-13,17725,16,0,0,0,0,0,1,0,0,0,0,0,0,0,1,0,0,0,0,0,0
"B",2,2024-06-29,45630.999,41,1,0,0,0,0,0,0,1,0,0,0,0,0,1,0,0,0,0,0,0
"B",2,2024-06-27,17769.9986,16,0,0,0,0,0,1,0,0,0,0,0,0,0,1,0,0,0,0,0,0
"B",2,2024-07-15,32995.998,29,0,0,1,0,0,0,0,0,0,0,0,0,0,0,1,0,0,0,0,0
"B",2,2024-07-28,16772.9996,15,0,1,0,0,0,0,0,0,0,0,0,0,0,0,1,0,0,0,0,0
"B",1,2024-07-14,28129.9977,31,0,1,0,0,0,0,0,0,0,0,0,0,0,0,1,0,0,0,0,0
"B",1,2024-08-15,26851.9976,26,1,0,0,0,0,1,0,0,0,0,0,0,0,0,0,1,0,0,0,0
"B",2,2024-08-21,5175,4,0,0,0,0,1,0,0,0,0,0,0,0,0,0,0,1,0,0,0,0
"B",2,2024-08-25,16864,16,0,1,0,0,0,0,0,0,0,0,0,0,0,0,0,1,0,0,0,0
"B",2,2024-08-02,21852.9994,21,0,0,0,0,0,0,1,0,0,0,0,0,0,0,0,1,0,0,0,0
"B",2,2024-07-18,4894,4,0,0,0,0,0,1,0,0,0,0,0,0,0,0,1,0,0,0,0,0
"B",1,2024-07-28,39439.9964,44,0,1,0,0,0,0,0,0,0,0,0,0,0,0,1,0,0,0,0,0
"B",2,2024-07-31,3769.9999,3,0,0,0,0,1,0,0,0,0,0,0,0,0,0,1,0,0,0,0,0
"B",2,2024-06-28,36611.9995,36,0,0,0,0,0,0,1,0,0,0,0,0,0,1,0,0,0,0,0,0
"B",2,2024-08-22,11610,10,0,0,0,0,0,1,0,0,0,0,0,0,0,0,0,1,0,0,0,0
"B",2,2024-08-26,5984,6,0,0,1,0,0,0,0,0,0,0,0,0,0,0,0,1,0,0,0,0
"B",2,2024-08-07,17956,18,0,0,0,0,1,0,0,0,0,0,0,0,0,0,0,1,0,0,0,0
"B",2,2024-08-09,40801.9982,40,0,0,0,0,0,0,1,0,0,0,0,0,0,0,0,1,0,0,0,0
"B",2,2024-08-08,9978,10,0,0,0,0,0,1,0,0,0,0,0,0,0,0,0,1,0,0,0,0
"B",2,2024-08-13,9975.9996,10,0,0,0,1,0,0,0,0,0,0,0,0,0,0,0,1,0,0,0,0
"B",2,2024-06-17,8015,7,0,0,1,0,0,0,0,0,0,0,0,0,0,1,0,0,0,0,0,0
"B",2,2024-06-16,19464.9996,17,0,1,0,0,0,0,0,0,0,0,0,0,0,1,0,0,0,0,0,0
"B",2,2024-06-01,30864.9997,28,0,0,0,0,0,0,0,1,0,0,0,0,0,1,0,0,0,0,0,0
"B",2,2024-06-08,30765,27,0,0,0,0,0,0,0,1,0,0,0,0,0,1,0,0,0,0,0,0
"B",2,2024-06-11,9160,8,0,0,0,1,0,0,0,0,0,0,0,0,0,1,0,0,0,0,0,0
"B",2,2024-06-04,6870,6,0,0,0,1,0,0,0,0,0,0,0,0,0,1,0,0,0,0,0,0
"B",2,2024-06-03,4580,4,0,0,1,0,0,0,0,0,0,0,0,0,0,1,0,0,0,0,0,0
"B",2,2024-06-06,4580,4,0,0,0,0,0,1,0,0,0,0,0,0,0,1,0,0,0,0,0,0
"B",2,2024-06-21,47979.9985,44,0,0,0,0,0,0,1,0,0,0,0,0,0,1,0,0,0,0,0,0
"B",2,2024-06-23,16030,14,0,1,0,0,0,0,0,0,0,0,0,0,0,1,0,0,0,0,0,0
"B",1,2024-06-29,30729.9978,31,1,0,0,0,0,0,0,1,0,0,0,0,0,1,0,0,0,0,0,0
"B",2,2024-08-01,13964,14,0,0,0,0,0,1,0,0,0,0,0,0,0,0,0,1,0,0,0,0
"B",2,2024-08-12,4991,5,0,0,1,0,0,0,0,0,0,0,0,0,0,0,0,1,0,0,0,0
"B",2,2024-08-04,24934.9995,25,0,1,0,0,0,0,0,0,0,0,0,0,0,0,0,1,0,0,0,0
"B",2,2024-07-30,5858.9996,6,0,0,0,1,0,0,0,0,0,0,0,0,0,0,1,0,0,0,0,0
"B",2,2024-07-23,2609.9997,3,0,0,0,1,0,0,0,0,0,0,0,0,0,0,1,0,0,0,0,0
"B",2,2024-07-22,5365,5,0,0,1,0,0,0,0,0,0,0,0,0,0,0,1,0,0,0,0,0
"B",1,2024-06-28,44625.9963,42,0,0,0,0,0,0,1,0,0,0,0,0,0,1,0,0,0,0,0,0
"B",1,2024-08-31,27941.9976,28,0,0,0,0,0,0,0,1,0,0,0,0,0,0,0,1,0,0,0,0
"B",1,2024-08-24,31929.998,32,0,0,0,0,0,0,0,1,0,0,0,0,0,0,0,1,0,0,0,0
"B",2,2024-06-24,2290,2,0,0,1,0,0,0,0,0,0,0,0,0,0,1,0,0,0,0,0,0
"B",1,2024-06-16,13029.9994,8,0,1,0,0,0,0,0,0,0,0,0,0,0,1,0,0,0,0,0,0
"B",1,2024-06-20,13139.9987,12,1,0,0,0,0,1,0,0,0,0,0,0,0,1,0,0,0,0,0,0
"B",1,2024-06-21,21499.9983,19,0,0,0,0,0,0,1,0,0,0,0,0,0,1,0,0,0,0,0,0
"B",1,2024-06-08,16029.9987,14,0,0,0,0,0,0,0,1,0,0,0,0,0,1,0,0,0,0,0,0
"B",1,2024-06-07,27479.9975,24,0,0,0,0,0,0,1,0,0,0,0,0,0,1,0,0,0,0,0,0
"B",1,2024-08-17,19957.9984,20,0,0,0,0,0,0,0,1,0,0,0,0,0,0,0,1,0,0,0,0
"B",1,2024-08-10,38821.997,38,0,0,0,0,0,0,0,1,0,0,0,0,0,0,0,1,0,0,0,0
"B",1,2024-08-21,19955.9988,20,0,0,0,0,1,0,0,0,0,0,0,0,0,0,0,1,0,0,0,0
"B",1,2024-08-19,7981.9996,8,0,0,1,0,0,0,0,0,0,0,0,0,0,0,0,1,0,0,0,0
"B",1,2024-08-06,11973.9992,12,0,0,0,1,0,0,0,0,0,0,0,0,0,0,0,1,0,0,0,0
"B",1,2024-08-16,23943.9992,24,0,0,0,0,0,0,1,0,0,0,0,0,0,0,0,1,0,0,0,0
"B",2,2024-07-17,8483.9994,8,0,0,0,0,1,0,0,0,0,0,0,0,0,0,1,0,0,0,0,0
"B",2,2024-07-29,1996,2,0,0,1,0,0,0,0,0,0,0,0,0,0,0,1,0,0,0,0,0
"B",1,2024-07-07,9209.9996,10,0,1,0,0,0,0,0,0,0,0,0,0,0,0,1,0,0,0,0,0
"B",1,2024-06-05,11149.999,10,0,0,0,0,1,0,0,0,0,0,0,0,0,1,0,0,0,0,0,0
"B",1,2024-06-01,10009.999,9,0,0,0,0,0,0,0,1,0,0,0,0,0,1,0,0,0,0,0,0
"B",2,2024-07-25,3990,4,0,0,0,0,0,1,0,0,0,0,0,0,0,0,1,0,0,0,0,0
"B",1,2024-07-11,58441.9952,62,0,0,0,0,0,1,0,0,0,0,0,0,0,0,1,0,0,0,0,0
"B",1,2024-08-09,7980,8,0,0,0,0,0,0,1,0,0,0,0,0,0,0,0,1,0,0,0,0
"B",1,2024-07-09,7539.9993,8,0,0,0,1,0,0,0,0,0,0,0,0,0,0,1,0,0,0,0,0
"B",1,2024-07-10,23199.9977,26,0,0,0,0,1,0,0,0,0,0,0,0,0,0,1,0,0,0,0,0
"B",1,2024-07-12,51441.9943,59,0,0,0,0,0,0,1,0,0,0,0,0,0,0,1,0,0,0,0,0
"B",1,2024-07-06,41592.996,43,0,0,0,0,0,0,0,1,0,0,0,0,0,0,1,0,0,0,0,0
"B",1,2024-07-05,52797.9947,57,0,0,0,0,0,0,1,0,0,0,0,0,0,0,1,0,0,0,0,0
"B",1,2024-07-19,51483.9946,58,0,0,0,0,0,0,1,0,0,0,0,0,0,0,1,0,0,0,0,0
"B",1,2024-07-17,27771.9976,30,0,0,0,0,1,0,0,0,0,0,0,0,0,0,1,0,0,0,0,0
"B",1,2024-07-20,35388.9966,37,0,0,0,0,0,0,0,1,0,0,0,0,0,0,1,0,0,0,0,0
"B",1,2024-07-21,28863.9974,32,0,1,0,0,0,0,0,0,0,0,0,0,0,0,1,0,0,0,0,0
"B",1,2024-07-27,49027.9962,54,0,0,0,0,0,0,0,1,0,0,0,0,0,0,1,0,0,0,0,0
"B",1,2024-07-22,20163.998,22,0,0,1,0,0,0,0,0,0,0,0,0,0,0,1,0,0,0,0,0
"B",1,2024-07-23,29691.9968,34,0,0,0,1,0,0,0,0,0,0,0,0,0,0,1,0,0,0,0,0
"B",1,2024-07-24,16529.9989,19,0,0,0,0,1,0,0,0,0,0,0,0,0,0,1,0,0,0,0,0
"B",1,2024-07-25,38279.996,44,0,0,0,0,0,1,0,0,0,0,0,0,0,0,1,0,0,0,0,0
"B",1,2024-07-31,40889.9955,47,0,0,0,0,1,0,0,0,0,0,0,0,0,0,1,0,0,0,0,0
"B",1,2024-07-13,51329.9951,59,0,0,0,0,0,0,0,1,0,0,0,0,0,0,1,0,0,0,0,0
"B",1,2024-07-15,30449.9967,35,0,0,1,0,0,0,0,0,0,0,0,0,0,0,1,0,0,0,0,0
"B",1,2024-07-18,18269.9981,21,0,0,0,0,0,1,0,0,0,0,0,0,0,0,1,0,0,0,0,0
"B",1,2024-08-13,29939.997,30,0,0,0,1,0,0,0,0,0,0,0,0,0,0,0,1,0,0,0,0
"B",1,2024-08-08,19267.9984,18,0,0,0,0,0,1,0,0,0,0,0,0,0,0,0,1,0,0,0,0
"B",1,2024-06-03,4579.9994,4,0,0,1,0,0,0,0,0,0,0,0,0,0,1,0,0,0,0,0,0
"B",1,2024-06-06,6569.9992,6,0,0,0,0,0,1,0,0,0,0,0,0,0,1,0,0,0,0,0,0
"B",1,2024-07-16,30961.9971,35,1,0,0,1,0,0,0,0,0,0,0,0,0,0,1,0,0,0,0,0
"B",1,2024-08-29,7983.9992,8,0,0,0,0,0,1,0,0,0,0,0,0,0,0,0,1,0,0,0,0
"B",1,2024-08-22,3991.9996,4,0,0,0,0,0,1,0,0,0,0,0,0,0,0,0,1,0,0,0,0
"B",1,2024-08-23,31935.9968,32,0,0,0,0,0,0,1,0,0,0,0,0,0,0,0,1,0,0,0,0
"B",1,2024-08-26,3991.9996,4,0,0,1,0,0,0,0,0,0,0,0,0,0,0,0,1,0,0,0,0
"B",1,2024-08-30,19959.998,20,0,0,0,0,0,0,1,0,0,0,0,0,0,0,0,1,0,0,0,0
"B",1,2024-08-03,11975.9988,12,0,0,0,0,0,0,0,1,0,0,0,0,0,0,0,1,0,0,0,0
"B",1,2024-08-04,3991.9996,4,0,1,0,0,0,0,0,0,0,0,0,0,0,0,0,1,0,0,0,0
"B",1,2024-08-05,11975.9988,12,0,0,1,0,0,0,0,0,0,0,0,0,0,0,0,1,0,0,0,0
"B",1,2024-08-27,15967.9984,16,0,0,0,1,0,0,0,0,0,0,0,0,0,0,0,1,0,0,0,0
"B",1,2024-08-25,3991.9996,4,0,1,0,0,0,0,0,0,0,0,0,0,0,0,0,1,0,0,0,0
"B",1,2024-08-01,27943.9972,28,0,0,0,0,0,1,0,0,0,0,0,0,0,0,0,1,0,0,0,0
"B",1,2024-07-26,15659.9982,18,0,0,0,0,0,0,1,0,0,0,0,0,0,0,1,0,0,0,0,0
"B",1,2024-07-29,7071.9992,8,0,0,1,0,0,0,0,0,0,0,0,0,0,0,1,0,0,0,0,0
"B",1,2024-06-19,10849.9987,10,0,0,0,0,1,0,0,0,0,0,0,0,0,1,0,0,0,0,0,0
"B",1,2024-06-18,11149.9988,10,0,0,0,1,0,0,0,0,0,0,0,0,0,1,0,0,0,0,0,0
"B",1,2024-06-23,1989.9998,2,0,1,0,0,0,0,0,0,0,0,0,0,0,1,0,0,0,0,0,0
"B",1,2024-06-25,32125.9968,32,0,0,0,1,0,0,0,0,0,0,0,0,0,1,0,0,0,0,0,0
"B",1,2024-06-22,11449.9988,10,0,0,0,0,0,0,0,1,0,0,0,0,0,1,0,0,0,0,0,0
"B",1,2024-06-24,6869.9993,6,0,0,1,0,0,0,0,0,0,0,0,0,0,1,0,0,0,0,0,0
"B",1,2024-06-26,5387.9994,6,0,0,0,0,1,0,0,0,0,0,0,0,0,1,0,0,0,0,0,0
"B",1,2024-06-10,9159.9991,8,0,0,1,0,0,0,0,0,0,0,0,0,0,1,0,0,0,0,0,0
"B",1,2024-06-11,4279.9995,4,0,0,0,1,0,0,0,0,0,0,0,0,0,1,0,0,0,0,0,0
"B",1,2024-06-13,4579.9994,4,0,0,0,0,0,1,0,0,0,0,0,0,0,1,0,0,0,0,0,0
"B",1,2024-06-14,8859.9991,8,0,0,0,0,0,0,1,0,0,0,0,0,0,1,0,0,0,0,0,0
"B",1,2024-06-04,6269.9993,6,0,0,0,1,0,0,0,0,0,0,0,0,0,1,0,0,0,0,0,0
"B",1,2024-06-02,2289.9997,2,0,1,0,0,0,0,0,0,0,0,0,0,0,1,0,0,0,0,0,0
"B",1,2024-06-27,11175.9988,12,0,0,0,0,0,1,0,0,0,0,0,0,0,1,0,0,0,0,0,0
"B",1,2024-06-30,3991.9996,4,0,1,0,0,0,0,0,0,0,0,0,0,0,1,0,0,0,0,0,0
"B",1,2024-07-03,22015.9976,24,0,0,0,0,1,0,0,0,0,0,0,0,0,0,1,0,0,0,0,0
"B",1,2024-08-28,19959.998,20,0,0,0,0,1,0,0,0,0,0,0,0,0,0,0,1,0,0,0,0
"B",1,2024-08-18,11975.9988,12,0,1,0,0,0,0,0,0,0,0,0,0,0,0,0,1,0,0,0,0
"B",1,2024-08-12,7983.9992,8,0,0,1,0,0,0,0,0,0,0,0,0,0,0,0,1,0,0,0,0
"B",1,2024-08-14,7983.9992,8,0,0,0,0,1,0,0,0,0,0,0,0,0,0,0,1,0,0,0,0
"B",1,2024-08-07,15967.9984,16,0,0,0,0,1,0,0,0,0,0,0,0,0,0,0,1,0,0,0,0
"B",1,2024-08-11,3991.9996,4,0,1,0,0,0,0,0,0,0,0,0,0,0,0,0,1,0,0,0,0
"B",1,2024-06-12,16519.9984,16,0,0,0,0,1,0,0,0,0,0,0,0,0,1,0,0,0,0,0,0
"B",1,2024-07-04,19447.998,20,0,0,0,0,0,1,0,0,0,0,0,0,0,0,1,0,0,0,0,0
"B",1,2024-07-02,20009.9977,23,0,0,0,1,0,0,0,0,0,0,0,0,0,0,1,0,0,0,0,0
"B",2,2024-08-23,40631.9994,37,0,0,0,0,0,0,1,0,0,0,0,0,0,0,0,1,0,0,0,0
"B",2,2024-10-15,17500,15,0,0,0,1,0,0,0,0,0,0,0,0,0,0,0,0,0,1,0,0
"B",2,2024-10-04,25240,22,0,0,0,0,0,0,1,0,0,0,0,0,0,0,0,0,0,1,0,0
"B",2,2024-09-02,1450,1,0,0,1,0,0,0,0,0,0,0,0,0,0,0,0,0,1,0,0,0
"B",2,2024-09-17,44433.9982,39,0,0,0,1,0,0,0,0,0,0,0,0,0,0,0,0,1,0,0,0
"B",2,2024-09-01,24475.9993,20,0,1,0,0,0,0,0,0,0,0,0,0,0,0,0,0,1,0,0,0
"B",2,2024-11-03,9344,7,0,1,0,0,0,0,0,0,0,0,0,0,0,0,0,0,0,0,1,0
"B",2,2024-11-16,11392.9994,10,0,0,0,0,0,0,0,1,0,0,0,0,0,0,0,0,0,0,1,0
"B",2,2024-09-22,5800,4,0,1,0,0,0,0,0,0,0,0,0,0,0,0,0,0,1,0,0,0
"B",2,2024-10-19,85474.9997,75,0,0,0,0,0,0,0,1,0,0,0,0,0,0,0,0,0,1,0,0
"B",2,2024-11-10,23835.9988,22,0,1,0,0,0,0,0,0,0,0,0,0,0,0,0,0,0,0,1,0
"B",2,2024-10-02,12920,11,0,0,0,0,1,0,0,0,0,0,0,0,0,0,0,0,0,1,0,0
"B",1,2024-10-07,9809.9998,8,0,0,1,0,0,0,0,0,0,0,0,0,0,0,0,0,0,1,0,0
"B",1,2024-10-28,26359.9984,23,0,0,1,0,0,0,0,0,0,0,0,0,0,0,0,0,0,1,0,0
"B",1,2024-11-03,15021.9994,15,0,1,0,0,0,0,0,0,0,0,0,0,0,0,0,0,0,0,1,0
"B",1,2024-11-06,12920,12,0,0,0,0,1,0,0,0,0,0,0,0,0,0,0,0,0,0,1,0
"B",2,2024-09-15,40633.9988,34,0,1,0,0,0,0,0,0,0,0,0,0,0,0,0,0,1,0,0,0
"B",2,2024-09-13,34902.9985,30,0,0,0,0,0,0,1,0,0,0,0,0,0,0,0,0,1,0,0,0
"B",2,2024-09-08,13686.9994,11,0,1,0,0,0,0,0,0,0,0,0,0,0,0,0,0,1,0,0,0
"B",2,2024-09-04,4350,3,0,0,0,0,1,0,0,0,0,0,0,0,0,0,0,0,1,0,0,0
"B",2,2024-09-06,1450,1,0,0,0,0,0,0,1,0,0,0,0,0,0,0,0,0,1,0,0,0
"B",2,2024-09-14,19579.9988,16,0,0,0,0,0,0,0,1,0,0,0,0,0,0,0,0,1,0,0,0
"B",2,2024-10-12,34375,30,1,0,0,0,0,0,0,1,0,0,0,0,0,0,0,0,0,1,0,0
"B",2,2024-10-16,24315,22,0,0,0,0,1,0,0,0,0,0,0,0,0,0,0,0,0,1,0,0
"B",2,2024-10-31,21209.9991,17,1,0,0,0,0,1,0,0,0,0,0,0,0,0,0,0,0,1,0,0
"B",2,2024-11-20,4410,3,0,0,0,0,1,0,0,0,0,0,0,0,0,0,0,0,0,0,1,0
"B",2,2024-11-06,8454.9994,8,0,0,0,0,1,0,0,0,0,0,0,0,0,0,0,0,0,0,1,0
"B",2,2024-11-09,5880,4,0,0,0,0,0,0,0,1,0,0,0,0,0,0,0,0,0,0,1,0
"B",2,2024-10-17,6050,5,0,0,0,0,0,1,0,0,0,0,0,0,0,0,0,0,0,1,0,0
"B",2,2024-10-28,21109.9997,18,0,0,1,0,0,0,0,0,0,0,0,0,0,0,0,0,0,1,0,0
"B",2,2024-11-13,8400,7,0,0,0,0,1,0,0,0,0,0,0,0,0,0,0,0,0,0,1,0
"B",2,2024-11-17,1470,1,0,1,0,0,0,0,0,0,0,0,0,0,0,0,0,0,0,0,1,0
"B",2,2024-11-22,15854,14,0,0,0,0,0,0,1,0,0,0,0,0,0,0,0,0,0,0,1,0
"B",2,2024-10-30,21630,16,0,0,0,0,1,0,0,0,0,0,0,0,0,0,0,0,0,1,0,0
"B",2,2024-10-29,19267,16,0,0,0,1,0,0,0,0,0,0,0,0,0,0,0,0,0,1,0,0
"B",2,2024-11-25,2467,2,0,0,1,0,0,0,0,0,0,0,0,0,0,0,0,0,0,0,1,0
"B",2,2024-11-29,37847,37,0,0,0,0,0,0,1,0,0,0,0,0,0,0,0,0,0,0,1,0
"B",2,2024-11-08,12809.9993,10,0,0,0,0,0,0,1,0,0,0,0,0,0,0,0,0,0,0,1,0
"B",2,2024-09-29,29378,29,0,1,0,0,0,0,0,0,0,0,0,0,0,0,0,0,1,0,0,0
"B",2,2024-09-23,1450,1,0,0,1,0,0,0,0,0,0,0,0,0,0,0,0,0,1,0,0,0
"B",2,2024-09-27,47151.9998,45,0,0,0,0,0,0,1,0,0,0,0,0,0,0,0,0,1,0,0,0
"B",2,2024-09-28,58571.9995,56,0,0,0,0,0,0,0,1,0,0,0,0,0,0,0,0,1,0,0,0
"B",2,2024-11-05,10920,10,0,0,0,1,0,0,0,0,0,0,0,0,0,0,0,0,0,0,1,0
"B",2,2024-09-21,16770.9997,15,0,0,0,0,0,0,0,1,0,0,0,0,0,0,0,0,1,0,0,0
"B",2,2024-09-26,13873,13,0,0,0,0,0,1,0,0,0,0,0,0,0,0,0,0,1,0,0,0
"B",2,2024-11-11,2940,2,0,0,1,0,0,0,0,0,0,0,0,0,0,0,0,0,0,0,1,0
"B",2,2024-11-14,2940,2,0,0,0,0,0,1,0,0,0,0,0,0,0,0,0,0,0,0,1,0
"B",2,2024-11-21,15907,15,0,0,0,0,0,1,0,0,0,0,0,0,0,0,0,0,0,0,1,0
"B",2,2024-11-23,18846.9994,17,0,0,0,0,0,0,0,1,0,0,0,0,0,0,0,0,0,0,1,0
"B",1,2024-11-09,56827.998,56,0,0,0,0,0,0,0,1,0,0,0,0,0,0,0,0,0,0,1,0
"B",2,2024-11-15,22679.9989,18,0,0,0,0,0,0,1,0,0,0,0,0,0,0,0,0,0,0,1,0
"B",2,2024-09-12,22479.998,18,0,0,0,0,0,1,0,0,0,0,0,0,0,0,0,0,1,0,0,0
"B",2,2024-09-11,8340,7,0,0,0,0,1,0,0,0,0,0,0,0,0,0,0,0,1,0,0,0
"B",1,2024-11-22,44327.9988,43,0,0,0,0,0,0,1,0,0,0,0,0,0,0,0,0,0,0,1,0
"B",2,2024-09-16,26016.9984,21,0,0,1,0,0,0,0,0,0,0,0,0,0,0,0,0,1,0,0,0
"B",2,2024-10-21,4280,4,0,0,1,0,0,0,0,0,0,0,0,0,0,0,0,0,0,1,0,0
"B",2,2024-11-26,19950,20,0,0,0,1,0,0,0,0,0,0,0,0,0,0,0,0,0,0,1,0
"B",2,2024-11-28,56855,57,0,0,0,0,0,1,0,0,0,0,0,0,0,0,0,0,0,0,1,0
"B",2,2024-11-30,19949.9985,20,0,0,0,0,0,0,0,1,0,0,0,0,0,0,0,0,0,0,1,0
"B",2,2024-11-19,9975.9996,10,0,0,0,1,0,0,0,0,0,0,0,0,0,0,0,0,0,0,1,0
"B",2,2024-11-27,8975,9,0,0,0,0,1,0,0,0,0,0,0,0,0,0,0,0,0,0,1,0
"B",2,2024-10-26,68274.9982,60,0,0,0,0,0,0,0,1,0,0,0,0,0,0,0,0,0,1,0,0
"B",2,2024-10-18,27125,25,0,0,0,0,0,0,1,0,0,0,0,0,0,0,0,0,0,1,0,0
"B",2,2024-10-23,9160,8,0,0,0,0,1,0,0,0,0,0,0,0,0,0,0,0,0,1,0,0
"B",2,2024-10-13,8015,7,0,1,0,0,0,0,0,0,0,0,0,0,0,0,0,0,0,1,0,0
"B",2,2024-10-10,14885.0002,13,0,0,0,0,0,1,0,0,0,0,0,0,0,0,0,0,0,1,0,0
"B",2,2024-10-11,24890,22,0,0,0,0,0,0,1,0,0,0,0,0,0,0,0,0,0,1,0,0
"B",2,2024-10-20,26035.0002,23,0,1,0,0,0,0,0,0,0,0,0,0,0,0,0,0,0,1,0,0
"B",2,2024-10-24,22450,20,0,0,0,0,0,1,0,0,0,0,0,0,0,0,0,0,0,1,0,0
"B",2,2024-10-25,23445,21,0,0,0,0,0,0,1,0,0,0,0,0,0,0,0,0,0,1,0,0
"B",2,2024-10-09,17720,16,0,0,0,0,1,0,0,0,0,0,0,0,0,0,0,0,0,1,0,0
"B",1,2024-10-03,15729.9996,14,0,0,0,0,0,1,0,0,0,0,0,0,0,0,0,0,0,1,0,0
"B",2,2024-10-14,6720,6,0,0,1,0,0,0,0,0,0,0,0,0,0,0,0,0,0,1,0,0
"B",2,2024-10-08,8039.9995,7,0,0,0,1,0,0,0,0,0,0,0,0,0,0,0,0,0,1,0,0
"B",2,2024-11-18,3790,3,0,0,1,0,0,0,0,0,0,0,0,0,0,0,0,0,0,0,1,0
"B",1,2024-10-31,52616.9976,55,1,0,0,0,0,1,0,0,0,0,0,0,0,0,0,0,0,1,0,0
"B",2,2024-10-07,6270,6,0,0,1,0,0,0,0,0,0,0,0,0,0,0,0,0,0,1,0,0
"B",2,2024-10-03,10005.0002,9,0,0,0,0,0,1,0,0,0,0,0,0,0,0,0,0,0,1,0,0
"B",2,2024-10-01,5275,5,0,0,0,1,0,0,0,0,0,0,0,0,0,0,0,0,0,1,0,0
"B",2,2024-09-24,1994,2,0,0,0,1,0,0,0,0,0,0,0,0,0,0,0,0,1,0,0,0
"B",2,2024-09-25,10971,11,0,0,0,0,1,0,0,0,0,0,0,0,0,0,0,0,1,0,0,0
"B",2,2024-11-02,3990,4,0,0,0,0,0,0,0,1,0,0,0,0,0,0,0,0,0,0,1,0
"B",1,2024-11-08,51891.9992,52,0,0,0,0,0,0,1,0,0,0,0,0,0,0,0,0,0,0,1,0
"B",1,2024-11-29,31934,32,0,0,0,0,0,0,1,0,0,0,0,0,0,0,0,0,0,0,1,0
"B",1,2024-10-09,4580,4,0,0,0,0,1,0,0,0,0,0,0,0,0,0,0,0,0,1,0,0
"B",1,2024-10-04,20609.9996,18,0,0,0,0,0,0,1,0,0,0,0,0,0,0,0,0,0,1,0,0
"B",1,2024-10-11,22899.9994,20,0,0,0,0,0,0,1,0,0,0,0,0,0,0,0,0,0,1,0,0
"B",1,2024-10-19,14212,12,0,0,0,0,0,0,0,1,0,0,0,0,0,0,0,0,0,1,0,0
"B",1,2024-10-30,51461.9972,53,0,0,0,0,1,0,0,0,0,0,0,0,0,0,0,0,0,1,0,0
"B",1,2024-11-21,27942,28,0,0,0,0,0,1,0,0,0,0,0,0,0,0,0,0,0,0,1,0
"B",1,2024-09-11,19957.9984,20,0,0,0,0,1,0,0,0,0,0,0,0,0,0,0,0,1,0,0,0
"B",1,2024-09-12,11973.9992,12,0,0,0,0,0,1,0,0,0,0,0,0,0,0,0,0,1,0,0,0
"B",1,2024-10-22,7739.9997,7,0,0,0,1,0,0,0,0,0,0,0,0,0,0,0,0,0,1,0,0
"B",2,2024-09-03,3990,4,0,0,0,1,0,0,0,0,0,0,0,0,0,0,0,0,1,0,0,0
"B",1,2024-09-28,54793.9946,54,0,0,0,0,0,0,0,1,0,0,0,0,0,0,0,0,1,0,0,0
"B",2,2024-11-04,6929.9994,6,0,0,1,0,0,0,0,0,0,0,0,0,0,0,0,0,0,0,1,0
"B",1,2024-10-26,20609.9988,18,0,0,0,0,0,0,0,1,0,0,0,0,0,0,0,0,0,1,0,0
"B",1,2024-11-02,8841.9994,8,0,0,0,0,0,0,0,1,0,0,0,0,0,0,0,0,0,0,1,0
"B",2,2024-11-07,12389.9989,11,0,0,0,0,0,1,0,0,0,0,0,0,0,0,0,0,0,0,1,0
"B",1,2024-11-30,54833.9978,54,0,0,0,0,0,0,0,1,0,0,0,0,0,0,0,0,0,0,1,0
"B",2,2024-09-10,18859.9982,18,0,0,0,1,0,0,0,0,0,0,0,0,0,0,0,0,1,0,0,0
"B",1,2024-10-29,47659.998,46,0,0,0,1,0,0,0,0,0,0,0,0,0,0,0,0,0,1,0,0
"B",1,2024-11-04,3992,4,0,0,1,0,0,0,0,0,0,0,0,0,0,0,0,0,0,0,1,0
"B",1,2024-11-05,27943.9988,28,0,0,0,1,0,0,0,0,0,0,0,0,0,0,0,0,0,0,1,0
"B",1,2024-11-07,27943.998,28,0,0,0,0,0,1,0,0,0,0,0,0,0,0,0,0,0,0,1,0
"B",1,2024-11-10,12754,11,0,1,0,0,0,0,0,0,0,0,0,0,0,0,0,0,0,0,1,0
"B",1,2024-11-11,43911.998,44,0,0,1,0,0,0,0,0,0,0,0,0,0,0,0,0,0,0,1,0
"B",1,2024-11-12,39919.998,40,0,0,0,1,0,0,0,0,0,0,0,0,0,0,0,0,0,0,1,0
"B",1,2024-11-13,19959.9992,20,0,0,0,0,1,0,0,0,0,0,0,0,0,0,0,0,0,0,1,0
"B",1,2024-11-14,11975.9992,12,0,0,0,0,0,1,0,0,0,0,0,0,0,0,0,0,0,0,1,0
"B",1,2024-11-15,49899.9972,50,0,0,0,0,0,0,1,0,0,0,0,0,0,0,0,0,0,0,1,0
"B",1,2024-11-16,31935.9992,32,0,0,0,0,0,0,0,1,0,0,0,0,0,0,0,0,0,0,1,0
"B",1,2024-11-17,29939.9992,30,0,1,0,0,0,0,0,0,0,0,0,0,0,0,0,0,0,0,1,0
"B",1,2024-11-19,11975.9992,12,0,0,0,1,0,0,0,0,0,0,0,0,0,0,0,0,0,0,1,0
"B",1,2024-11-20,15968,16,0,0,0,0,1,0,0,0,0,0,0,0,0,0,0,0,0,0,1,0
"B",1,2024-11-23,66811.9968,66,0,0,0,0,0,0,0,1,0,0,0,0,0,0,0,0,0,0,1,0
"B",1,2024-11-28,15968,16,0,0,0,0,0,1,0,0,0,0,0,0,0,0,0,0,0,0,1,0
"B",1,2024-11-18,15967.9992,16,0,0,1,0,0,0,0,0,0,0,0,0,0,0,0,0,0,0,1,0
"B",1,2024-11-27,15967.9992,16,0,0,0,0,1,0,0,0,0,0,0,0,0,0,0,0,0,0,1,0
"B",1,2024-09-26,11975.9988,12,0,0,0,0,0,1,0,0,0,0,0,0,0,0,0,0,1,0,0,0
"B",1,2024-09-27,23951.9976,24,0,0,0,0,0,0,1,0,0,0,0,0,0,0,0,0,1,0,0,0
"B",1,2024-09-29,3991.9996,4,0,1,0,0,0,0,0,0,0,0,0,0,0,0,0,0,1,0,0,0
"B",1,2024-09-30,7983.9992,8,0,0,1,0,0,0,0,0,0,0,0,0,0,0,0,0,1,0,0,0
"B",1,2024-10-12,17119.9996,16,1,0,0,0,0,0,0,1,0,0,0,0,0,0,0,0,0,1,0,0
"B",1,2024-10-13,12594.9994,11,0,1,0,0,0,0,0,0,0,0,0,0,0,0,0,0,0,1,0,0
"B",1,2024-10-14,4580,4,0,0,1,0,0,0,0,0,0,0,0,0,0,0,0,0,0,1,0,0
"B",1,2024-10-05,15129.9996,14,0,0,0,0,0,0,0,1,0,0,0,0,0,0,0,0,0,1,0,0
"B",1,2024-10-17,18019.999,16,0,0,0,0,0,1,0,0,0,0,0,0,0,0,0,0,0,1,0,0
"B",1,2024-10-21,4580,4,0,0,1,0,0,0,0,0,0,0,0,0,0,0,0,0,0,1,0,0
"B",1,2024-10-06,5970,6,0,1,0,0,0,0,0,0,0,0,0,0,0,0,0,0,0,1,0,0
"B",1,2024-10-10,3980,4,0,0,0,0,0,1,0,0,0,0,0,0,0,0,0,0,0,1,0,0
"B",1,2024-10-24,9950,10,0,0,0,0,0,1,0,0,0,0,0,0,0,0,0,0,0,1,0,0
"B",1,2024-10-25,30529.9982,29,0,0,0,0,0,0,1,0,0,0,0,0,0,0,0,0,0,1,0,0
"B",1,2024-10-02,4279.9998,4,0,0,0,0,1,0,0,0,0,0,0,0,0,0,0,0,0,1,0,0
"B",1,2024-10-15,4579.9996,4,0,0,0,1,0,0,0,0,0,0,0,0,0,0,0,0,0,1,0,0
"B",1,2024-10-08,4279.9998,4,0,0,0,1,0,0,0,0,0,0,0,0,0,0,0,0,0,1,0,0
"B",1,2024-10-01,1989.9999,2,0,0,0,1,0,0,0,0,0,0,0,0,0,0,0,0,0,1,0,0
"B",1,2024-11-01,1912,2,1,0,0,0,0,0,1,0,0,0,0,0,0,0,0,0,0,0,1,0
"B",1,2024-10-23,14310,13,0,0,0,0,1,0,0,0,0,0,0,0,0,0,0,0,0,1,0,0
"B",1,2024-09-01,15967.9984,16,0,1,0,0,0,0,0,0,0,0,0,0,0,0,0,0,1,0,0,0
"B",1,2024-10-16,10849.9994,10,0,0,0,0,1,0,0,0,0,0,0,0,0,0,0,0,0,1,0,0
"B",1,2024-09-10,3991.9996,4,0,0,0,1,0,0,0,0,0,0,0,0,0,0,0,0,1,0,0,0
"B",1,2024-09-13,28953.9972,29,0,0,0,0,0,0,1,0,0,0,0,0,0,0,0,0,1,0,0,0
"B",1,2024-09-20,3991.9996,4,1,0,0,0,0,0,1,0,0,0,0,0,0,0,0,0,1,0,0,0
"B",1,2024-09-14,11975.9988,12,0,0,0,0,0,0,0,1,0,0,0,0,0,0,0,0,1,0,0,0
"B",1,2024-11-25,3992,4,0,0,1,0,0,0,0,0,0,0,0,0,0,0,0,0,0,0,1,0
"B",1,2024-11-26,19960,20,0,0,0,1,0,0,0,0,0,0,0,0,0,0,0,0,0,0,1,0
"B",1,2024-09-25,15967.9984,16,0,0,0,0,1,0,0,0,0,0,0,0,0,0,0,0,1,0,0,0
"B",1,2024-09-22,14871.9986,14,0,1,0,0,0,0,0,0,0,0,0,0,0,0,0,0,1,0,0,0
"B",2,2024-12-29,93558.9963,90,0,1,0,0,0,0,0,0,0,0,0,0,0,0,0,0,0,0,0,1
"B",2,2024-12-31,210631.9962,205,0,0,0,1,0,0,0,0,0,0,0,0,0,0,0,0,0,0,0,1
"B",2,2024-12-02,6932,6,0,0,1,0,0,0,0,0,0,0,0,0,0,0,0,0,0,0,0,1
"B",2,2024-12-07,38846,38,0,0,0,0,0,0,0,1,0,0,0,0,0,0,0,0,0,0,0,1
"B",2,2024-12-23,48282.9997,48,0,0,1,0,0,0,0,0,0,0,0,0,0,0,0,0,0,0,0,1
"B",2,2024-12-30,121613.999,119,0,0,1,0,0,0,0,0,0,0,0,0,0,0,0,0,0,0,0,1
"B",2,2024-12-27,48827.9992,48,0,0,0,0,0,0,1,0,0,0,0,0,0,0,0,0,0,0,0,1
"B",2,2024-12-28,82234.9991,79,0,0,0,0,0,0,0,1,0,0,0,0,0,0,0,0,0,0,0,1
"B",2,2024-12-11,13388.9997,12,0,0,0,0,1,0,0,0,0,0,0,0,0,0,0,0,0,0,0,1
"B",2,2024-12-13,20421,20,0,0,0,0,0,0,1,0,0,0,0,0,0,0,0,0,0,0,0,1
"B",2,2024-12-17,19426,19,0,0,0,1,0,0,0,0,0,0,0,0,0,0,0,0,0,0,0,1
"B",2,2024-12-21,56224.9994,54,0,0,0,0,0,0,0,1,0,0,0,0,0,0,0,0,0,0,0,1
"B",2,2024-12-24,20318.9996,21,0,0,0,1,0,0,0,0,0,0,0,0,0,0,0,0,0,0,0,1
"B",2,2024-12-26,10445,10,0,0,0,0,0,1,0,0,0,0,0,0,0,0,0,0,0,0,0,1
"B",1,2024-12-22,39281.9972,37,0,1,0,0,0,0,0,0,0,0,0,0,0,0,0,0,0,0,0,1
"B",2,2024-12-05,15905,15,0,0,0,0,0,1,0,0,0,0,0,0,0,0,0,0,0,0,0,1
"B",1,2024-12-06,26891.9992,26,0,0,0,0,0,0,1,0,0,0,0,0,0,0,0,0,0,0,0,1
"B",1,2024-12-10,30883.9976,30,0,0,0,1,0,0,0,0,0,0,0,0,0,0,0,0,0,0,0,1
"B",1,2024-12-24,40335.9992,39,0,0,0,1,0,0,0,0,0,0,0,0,0,0,0,0,0,0,0,1
"B",1,2024-12-31,46325.998,45,0,0,0,1,0,0,0,0,0,0,0,0,0,0,0,0,0,0,0,1
"B",2,2024-12-03,7929,7,0,0,0,1,0,0,0,0,0,0,0,0,0,0,0,0,0,0,0,1
"B",2,2024-12-04,25829.9996,24,0,0,0,0,1,0,0,0,0,0,0,0,0,0,0,0,0,0,0,1
"B",2,2024-12-01,11970,12,0,1,0,0,0,0,0,0,0,0,0,0,0,0,0,0,0,0,0,1
"B",1,2024-12-03,4989,5,0,0,0,1,0,0,0,0,0,0,0,0,0,0,0,0,0,0,0,1
"B",2,2024-12-08,23888.9994,23,1,1,0,0,0,0,0,0,0,0,0,0,0,0,0,0,0,0,0,1
"B",2,2024-12-18,14424.9998,14,0,0,0,0,1,0,0,0,0,0,0,0,0,0,0,0,0,0,0,1
"B",1,2024-12-07,51893.9988,52,0,0,0,0,0,0,0,1,0,0,0,0,0,0,0,0,0,0,0,1
"B",2,2024-12-19,19950,20,0,0,0,0,0,1,0,0,0,0,0,0,0,0,0,0,0,0,0,1
"B",2,2024-12-06,10971,11,0,0,0,0,0,0,1,0,0,0,0,0,0,0,0,0,0,0,0,1
"B",1,2024-12-19,39917.998,40,0,0,0,0,0,1,0,0,0,0,0,0,0,0,0,0,0,0,0,1
"B",1,2024-12-09,22897.9986,22,0,0,1,0,0,0,0,0,0,0,0,0,0,0,0,0,0,0,0,1
"B",1,2024-12-21,42857.9986,42,0,0,0,0,0,0,0,1,0,0,0,0,0,0,0,0,0,0,0,1
"B",1,2024-12-28,33875.9974,33,0,0,0,0,0,0,0,1,0,0,0,0,0,0,0,0,0,0,0,1
"B",2,2024-12-15,11972,12,0,1,0,0,0,0,0,0,0,0,0,0,0,0,0,0,0,0,0,1
"B",2,2024-12-10,1996,2,0,0,0,1,0,0,0,0,0,0,0,0,0,0,0,0,0,0,0,1
"B",2,2024-12-12,9976,10,0,0,0,0,0,1,0,0,0,0,0,0,0,0,0,0,0,0,0,1
"B",2,2024-12-20,12442.9998,12,0,0,0,0,0,0,1,0,0,0,0,0,0,0,0,0,0,0,0,1
"B",2,2024-12-09,1994,2,0,0,1,0,0,0,0,0,0,0,0,0,0,0,0,0,0,0,0,1
"B",2,2024-12-16,3990,4,0,0,1,0,0,0,0,0,0,0,0,0,0,0,0,0,0,0,0,1
"B",1,2024-12-12,31935.9988,32,0,0,0,0,0,1,0,0,0,0,0,0,0,0,0,0,0,0,0,1
"B",1,2024-12-01,9299,9,0,1,0,0,0,0,0,0,0,0,0,0,0,0,0,0,0,0,0,1
"B",1,2024-12-20,22953.9992,23,0,0,0,0,0,0,1,0,0,0,0,0,0,0,0,0,0,0,0,1
"B",1,2024-12-23,18658,18,0,0,1,0,0,0,0,0,0,0,0,0,0,0,0,0,0,0,0,1
"B",1,2024-12-08,1470,1,1,1,0,0,0,0,0,0,0,0,0,0,0,0,0,0,0,0,0,1
"B",1,2024-12-27,35927.998,36,0,0,0,0,0,0,1,0,0,0,0,0,0,0,0,0,0,0,0,1
"B",1,2024-12-11,15967.9992,16,0,0,0,0,1,0,0,0,0,0,0,0,0,0,0,0,0,0,0,1
"B",1,2024-12-18,13445.9992,13,0,0,0,0,1,0,0,0,0,0,0,0,0,0,0,0,0,0,0,1
"B",1,2024-12-17,3992,4,0,0,0,1,0,0,0,0,0,0,0,0,0,0,0,0,0,0,0,1
"B",1,2024-12-04,11976,12,0,0,0,0,1,0,0,0,0,0,0,0,0,0,0,0,0,0,0,1
"B",1,2024-12-30,35927.9984,36,0,0,1,0,0,0,0,0,0,0,0,0,0,0,0,0,0,0,0,1
"B",1,2024-12-13,63915.9947,65,0,0,0,0,0,0,1,0,0,0,0,0,0,0,0,0,0,0,0,1
"B",1,2024-12-29,1996,2,0,1,0,0,0,0,0,0,0,0,0,0,0,0,0,0,0,0,0,1
"B",1,2024-12-05,17964,18,0,0,0,0,0,1,0,0,0,0,0,0,0,0,0,0,0,0,0,1
"B",1,2024-12-15,3992,4,0,1,0,0,0,0,0,0,0,0,0,0,0,0,0,0,0,0,0,1
"B",1,2024-12-26,7983.9992,8,0,0,0,0,0,1,0,0,0,0,0,0,0,0,0,0,0,0,0,1
